{"entryPagePath":"pages/home/home.html","pages":["pages/home/home","pages/login/login","pages/topics/new/topicType/select","pages/topics/new/pk/input","pages/topics/new/questions/input","pages/topics/new/success/success","pages/topics/list/list","pages/topics/edit/questions/edit","pages/topics/view/questions/view","pages/topics/view/vote/vote","pages/topics/share/share","pages/topics/history/history","pages/replies/view/view","pages/user/user","pages/about/about","pages/common/error/error","pages/common/inDev/index","pages/s360/t/a/index","pages/s360/t/p/index","pages/s360/p/a/index","pages/s360/p/p/index"],"page":{"pages/home/home.html":{"window":{"enablePullDownRefresh":true,"usingComponents":{"mp-searchbar":"../../components/searchbar/searchbar","topic-list":"../../components/topic-list/topics"}}},"pages/login/login.html":{"window":{"navigationBarBackgroundColor":"#F6F6F6","usingComponents":{"mp-toptips":"../../components/toptips/toptips"}}},"pages/topics/new/topicType/select.html":{"window":{"usingComponents":{}}},"pages/topics/new/pk/input.html":{"window":{"usingComponents":{}}},"pages/topics/new/questions/input.html":{"window":{"usingComponents":{"mp-dialog":"../../../../components/dialog/dialog"}}},"pages/topics/new/success/success.html":{"window":{"usingComponents":{"mp-msg":"../../../../components/msg/msg"}}},"pages/topics/list/list.html":{"window":{"usingComponents":{"topic-list":"../../../components/topic-list/topics"}}},"pages/topics/edit/questions/edit.html":{"window":{"usingComponents":{}}},"pages/topics/view/questions/view.html":{"window":{"enablePullDownRefresh":true,"usingComponents":{"mp-toptips":"../../../../components/toptips/toptips","article":"../../../../components/article/article"}}},"pages/topics/view/vote/vote.html":{"window":{"usingComponents":{}}},"pages/topics/share/share.html":{"window":{"usingComponents":{"mp-toptips":"../../../components/toptips/toptips"}}},"pages/topics/history/history.html":{"window":{"usingComponents":{"topic-list":"../../../components/topic-list/topics"}}},"pages/replies/view/view.html":{"window":{"usingComponents":{"article":"../../../components/article/article"}}},"pages/user/user.html":{"window":{"usingComponents":{}}},"pages/about/about.html":{"window":{"usingComponents":{}}},"pages/common/error/error.html":{"window":{"usingComponents":{}}},"pages/common/inDev/index.html":{"window":{"usingComponents":{}}},"pages/s360/t/a/index.html":{"window":{"usingComponents":{}}},"pages/s360/t/p/index.html":{"window":{"usingComponents":{}}},"pages/s360/p/a/index.html":{"window":{"usingComponents":{}}},"pages/s360/p/p/index.html":{"window":{"usingComponents":{}}}},"global":{"window":{"backgroundColor":"#F6F6F6","backgroundTextStyle":"light","navigationBarBackgroundColor":"#F1ECE6","navigationBarTitleText":"iPoll","navigationBarTextStyle":"black"}}}